url_path,views_total,views_unique
/PennSIVE/ComBatFamQC,3,2
/PennSIVE/ComBatFamQC/blob/main/R/comfam_shiny.R,2,1
/PennSIVE/ComBatFamQC/commits/main,2,1
/PennSIVE/ComBatFamQC/blob/main/NEWS.md,1,1
/PennSIVE/ComBatFamQC/blob/main/R/Harmonization.R,1,1
/PennSIVE/ComBatFamQC/blob/main/R/age_shiny.R,1,1
/PennSIVE/ComBatFamQC/blob/main/R/data.R,1,1
/PennSIVE/ComBatFamQC/blob/main/R/residual_gen.R,1,1
/PennSIVE/ComBatFamQC/blob/main/vignettes/Post-Harmonization.Rmd,1,1
/PennSIVE/ComBatFamQC/commit/9f16712585f2acc8d3bf505d189fbb5ea2fec3c9,1,1
